CTXS;QCOM;AAPL;IDXX;ALGN;AMGN;CPRT;FAST;CTAS;ORLY;EBAY;BKNG;NFLX;EA;GOOGL;PEP;MNST;COST;XEL;EXC
1/01/2008;26,876881;30,760508;4,136433;28,184999;11,78;37,394043;10,22;7,369075;26,585699;29,43;11,025291;108,519997;3,592857;47,369999;282,432434;46,442665;6,426667;51,043278;12,694746;44,938896
1/02/2008;25,564867;30,738762;3,820458;27,735001;12,35;36,535248;10,415;7,414664;23,313118;26,959999;10,807982;114,019997;4,511428;47,290001;235,825821;47,473175;6,916667;46,520443;12,125776;44,200752
1/03/2008;22,770042;29,826513;4,385183;24,629999;11,11;33,533436;9,69;8,424845;23,442043;28,52;12,234834;120,860001;4,95;49,919998;220,45546;49,274929;5,883333;48,922031;12,205315;48,295254
1/04/2008;25,425121;31,419685;5,315697;26,6;12,28;33,605686;10,2175;8,953117;24,320913;28,870001;12,829356;127,639999;4,568572;51,470001;287,432434;47,021996;5,898334;53,650837;12,87249;50,797066
1/05/2008;26,574106;35,311668;5,767967;25,25;13,17;35,339333;11,25;9,068675;24,24699;26,15;12,304536;134,529999;4,337143;50,200001;293,193207;46,864185;5,206666;53,703552;13,188114;52,29459
1/06/2008;22,83215;32,384155;5,116759;24,370001;10,49;37,851536;10,705;7,916749;21,774656;22,35;11,205698;115,459999;3,724286;44,43;263,47348;43,632404;4,803333;52,929504;12,420712;53,778496
1/07/2008;20,681686;40,390793;4,857316;26,75;10,01;50,268047;10,965;8,962288;23,359907;25,540001;10,320065;114,949997;4,412857;43,18;237,112106;45,961597;3,81;47,299992;12,560349;46,999401
1/08/2008;23,499798;38,42746;5,180626;28,15;13,04;50,444633;11,0025;9,525412;25,298353;29,120001;10,221661;92,980003;4,405715;48,810001;231,876877;47,287437;4,58;50,605247;12,842112;45,409229
1/09/2008;19,610336;31,456419;3,473309;27,4;10,83;47,571255;9,5;9,108275;23,581675;26,77;9,176126;68,43;4,411428;36,990002;200,460464;49,213997;5,041667;49,119484;12,516516;37,688866
1/10/2008;20,006271;28,008442;3,287817;17,594999;6,93;48,068871;8,725;7,424565;19,466589;27,110001;6,260921;52,630001;3,537143;22,780001;179,859863;39,609409;4,22;43,128021;11,033774;32,645233
1/11/2008;20,697218;24,575098;2,831881;15,455;7;44,57748;6,6675;7,101836;19,729427;26,07;5,383492;69;3,282857;19,059999;146,626633;39,394032;4,958333;38,937;11,914194;33,830906
1/12/2008;18,298326;26,229553;2,60819;18,040001;8,75;46,351273;6,7975;6,426877;19,080542;30,74;5,723803;73,650002;4,27;16,040001;153,978973;38,053101;5,588333;39,838127;11,749513;33,807945
1/01/2009;16,334188;25,41378;2,754261;16,4;7,88;44,023674;6,0225;6,354212;18,686281;29,07;4,928374;67,089996;5,162857;15,44;169,434433;35,173355;5,583333;34,169739;11,84883;32,962883
1/02/2009;15,977073;24,589951;2,729203;15,05;6,85;39,272167;6,755;5,599441;16,665701;33,360001;4,456859;84,860001;5,177143;16,309999;169,164169;33,709816;5,546667;32,12849;11,386684;28,707253
1/03/2009;17,57633;28,754246;3,212337;17,290001;7,93;39,745705;7,415;6,035505;20,732716;35,009998;5,149782;78,779999;6,131429;18,190001;174,204208;36,048645;6;35,276993;11,957941;27,855862
1/04/2009;22,14897;31,274218;3,845209;19,65;12,41;38,902962;7,8475;7,201307;21,521093;38,849998;6,752939;97,089996;6,472857;20,35;198,183182;35,152447;6,793334;37,013409;11,988002;28,309994
1/05/2009;24,384829;32,212734;4,150186;21;11,83;40,082813;7,6725;6,236376;19,533373;36,049999;7,224456;110,110001;5,631429;22,99;208,823822;36,770206;6,113333;36,95248;11,149359;29,463749
1/06/2009;24,757469;33,534206;4,352484;23,1;10,6;42,490688;8,6675;6,226989;19,155951;38,080002;7,023549;111,550003;5,905715;21,719999;211,006012;38,825939;5,143333;35,000023;11,96849;31,753447
1/07/2009;27,637693;34,283531;4,992996;24,91;10,91;50,011215;8,8275;6,677541;21,118521;40,66;8,71281;129,619995;6,277143;21,469999;221,74675;40,418968;5,168334;37,84404;13,139847;31,536432
1/08/2009;27,684275;34,439327;5,14029;25,379999;13,4;47,980595;8,835;6,795812;23,013985;38,279999;9,077722;153,979996;6,232857;18,219999;231,066071;40,361977;5,443333;38,975559;13,014644;31,015568
1/09/2009;30,455807;33,492161;5,664066;25;14,22;48,34177;8,3025;7,337182;25,421061;36,139999;9,676343;165,820007;6,595714;19,049999;248,173172;41,779308;6,123333;43,263176;12,678569;31,091352
1/10/2009;28,538244;30,774357;5,760328;25,559999;15,72;43,036446;8,0425;6,540901;23,223663;37,279999;9,131022;157,789993;7,635714;18,24;268,328339;43,473206;6,025;43,623829;12,581985;29,424625
1/11/2009;29,64065;33,50705;6,109001;25,025;16,360001;45,227604;8,105;7,030044;23,559139;38,779999;10,033054;214,119995;8,375714;16,889999;291,791779;44,672222;5,828333;46,112396;13,55599;30,189054
1/12/2009;32,30349;34,575569;6,439648;26,725;17,82;45,404182;9,155;7,894578;21,864962;38,119999;9,647641;218,410004;7,87;17,75;310,300293;43,65271;6,4;45,542816;14,156401;30,963484
1/01/2010;32,256916;29,291328;5,869116;26,245001;18,75;46,937176;8,44;7,864247;21,059809;37,799999;9,438535;195,350006;8,892858;16,280001;265,235229;43,109234;6,408333;44,203556;14,020658;28,904329
1/02/2010;33,390373;27,415304;6,252933;26,4;18,1;45,436283;8,92;8,412164;20,791424;39,299999;9,438535;226,710007;9,435715;16,58;263,663666;45,169968;6,93;46,928288;14,040894;27,434404
1/03/2010;36,852844;31,500612;7,181309;28,775;19,34;48,028751;8,9;9,185262;24,032104;41,709999;11,058092;255;10,534286;18,66;283,843842;47,838097;7,23;46,099674;14,304039;28,090435
1/04/2010;36,51125;29,038223;7,978589;33,07;17;45,998127;8,9225;10,467635;23,313707;48,869999;9,750145;262,049988;14,128572;19,370001;263,113098;47,493397;7,358333;45,613274;14,844281;27,949377
1/05/2010;33,856174;26,695953;7,849935;31,620001;14,92;41,559635;8,975;9,654192;22,236111;51,02;8,77841;191,160004;15,878572;16,51;243,05806;45,796669;6,508333;44,972454;13,984344;24,749846
1/06/2010;32,784828;24,786217;7,686444;30,450001;14,87;42,217773;8,9525;9,606339;20,499979;47,560001;8,040385;176,539993;15,521428;14,4;222,697693;44,383961;6,518333;42,477459;14,066239;24,649099
1/07/2010;42,714207;28,741146;7,861242;29,370001;17,35;43,766842;9,11;9,393886;22,629519;49,279999;8,573404;224,399994;14,65;15,93;242,667664;47,631943;6,981667;43,933903;15,186879;27,154909
1/08/2010;44,981117;28,907188;7,428838;27,635;15,99;40,965706;8,2625;8,664658;21,79994;47,27;9,524637;291,480011;17,931429;15,23;225,235229;47,09626;7,506667;43,771206;15,407877;26,434322
1/09/2010;52,977417;34,233166;8,67105;30,860001;19,58;44,232357;8,2425;10,266901;23,56172;53,200001;10,004354;348,339996;23,165714;16,450001;263,158173;48,7547;7,77;50,142933;15,863696;27,99177
1/10/2010;49,786659;34,255913;9,197577;29,98;17,02;45,901806;8,465;9,936831;23,493303;58,5;12,243032;376,809998;24,795713;15,83;307,157166;48,635998;8,535;48,805573;16,660509;26,834757
1/11/2010;51,572243;35,515102;9,508361;32,105;17,49;42,290024;8,87;10,330599;22,877535;60,18;11,947824;394,049988;29,414286;14,91;278,133148;48,136982;8,87;52,738609;16,409134;25,881531
1/12/2010;53,109394;37,689732;9,857034;34,610001;19,540001;44,063816;9,3375;11,65733;24,336746;60,419998;11,410705;399,549988;25,1;16,379999;297,282288;48,658352;8,713333;56,326801;16,444046;27,724119
1/01/2011;49,049137;41,223392;10,369199;35,849998;20,83;44,208275;9,8125;11,297355;24,423786;56,830002;12,448042;428,519989;30,582857;15,59;300,480469;48,25705;9,44;56,038189;16,635147;28,303381
1/02/2011;54,467995;45,373894;10,79366;38,849998;20,85;41,19846;10,5025;12,089296;24,476015;55,580002;13,739587;453,880005;29,524286;18,799999;307,007019;47,589203;9,591666;58,339317;16,896286;27,804022
1/03/2011;57,029911;41,893147;10,650034;38,610001;20,48;42,900009;10,8325;12,714926;26,356106;57,459999;12,726851;506,440002;33,968571;19,530001;293,673676;48,332092;10,038333;57,349831;16,860992;27,79504
1/04/2011;65,476479;43,619919;10,699543;40,715;24,139999;45,628922;11,345;13,15817;27,026321;59,060001;14,1004;547,01001;33,238571;20,18;272,322327;52,089344;11,025;63,270943;17,356894;28,421852
1/05/2011;68,022881;44,765991;10,629257;39,360001;24,5;48,590576;11,75;13,067644;28,593061;60,110001;12,780153;515,190002;38,685715;24,41;264,77478;53,775513;11,941667;64,514648;17,649395;28,206165
1/06/2011;62,107174;43,556999;10,25766;38,779999;22,799999;46,832848;11,65;14,174337;28,749735;65,510002;13,231169;511,929993;37,527142;23,6;253,443451;53,25378;13,491667;63,730743;17,335497;29,23811
1/07/2011;55,927505;42,015366;11,932584;41,470001;21,99;43,90329;10,8625;13,252749;28,331944;59,5;13,427978;537,650024;37,998573;22,25;302,147156;48,775341;12,77;61,385136;17,304369;30,077583
1/08/2011;46,914204;39,468971;11,75993;39,889999;19,1;44,465115;10,76;13,232184;27,835808;64,879997;12,657149;537,26001;33,572857;22,58;270,750763;49,07238;14,22;61,612652;17,787455;29,429209
1/09/2011;42,333797;37,466034;11,652668;34,485001;15,17;44,352646;9,78;13,157071;24,49342;66,629997;12,091329;449,459991;16,181429;20,450001;257,777771;47,524784;14,548333;64,633492;17,801876;29,464689
1/10/2011;56,540817;39,754192;12,369576;35,994999;23,030001;46,216808;10,8875;15,058678;26,016644;76,050003;13,05076;507,720001;11,725715;23,35;296,616608;48,330944;14,848333;65,514877;18,83263;30,69556
1/11/2011;55,42289;42,219578;11,679561;37,595001;24,5;46,733292;11,2325;16,531275;26,460552;77,239998;12,132331;485,890015;9,218572;23,190001;299,994995;49,137108;15,366667;67,128166;19,153189;30,640234
1/12/2011;47,139347;42,305923;12,376299;38,48;23,73;52,071697;11,9725;17,309219;30,85902;79,949997;12,435741;467,709991;9,898571;20,6;323,273285;51,356819;15,356667;65,757484;20,136709;30,344402
1/01/2012;50,617348;45,492397;13,949464;42,294998;23,559999;55,088451;11,76;18,527729;32,880234;81,510002;12,95646;529,48999;17,171429;18,58;290,345337;50,830482;17,418333;64,928833;19,564409;27,832609
1/02/2012;58,023624;48,09108;16,576292;42,875;25,610001;55,153343;12,445;20,985596;34,183388;86,5;14,653919;627,02002;15,818571;16,34;309,434448;48,717369;19,059999;67,919952;19,483503;27,335852
1/03/2012;61,260956;52,819939;18,321507;43,724998;27,549999;55,417076;13,035;21,551275;34,679829;91,349998;15,129535;717,5;16,434286;16,49;320,940948;51,777943;20,696667;71,864799;19,46879;27,800148
1/04/2012;66,462448;49,537148;17,845701;43,965;31,709999;57,977158;13,205;18,651209;34,724148;105,5;16,818792;760,820007;11,448571;15,38;302,727722;51,504803;21,666666;69,791168;20,101995;27,760145
1/05/2012;56,734901;44,477116;17,654713;42,419998;31,23;56,680805;13,555;17,682491;32,711803;95,790001;16,068466;625,48999;9,062857;13,62;290,720734;52,948509;24,200001;68,374443;20,815149;26,315578
1/06/2012;65,165939;43,3979;17,846313;48,064999;33,459999;59,748642;11,845;16,115332;34,227707;83,769997;17,22471;664,52002;9,784286;12,35;290,325317;55,572605;23,733334;75,437744;21,104874;27,034126
1/07/2012;56,42437;46,515568;18,664078;44,084999;33,959999;67,689438;11,88;17,238731;35,131943;85,739998;18,163645;661,73999;8,121428;11,02;316,801788;57,200626;22,139999;76,374741;21,970432;28,112053
1/08/2012;60,313831;47,902916;20,328909;47,529999;33,950001;68,771172;13,355;17,303476;35,832275;84,949997;19,463387;604,570007;8,531428;13,33;342,887878;56,96468;19,646667;77,716743;20,913157;26,207724
1/09/2012;59,413273;48,690144;20,473276;49,674999;36,970001;69,378113;13,865;17,263323;36,727638;83,620003;19,832403;619,070007;7,777143;12,69;377,627625;55,659111;18,02;79,764183;20,778179;25,917776
1/10/2012;47,962261;45,870178;18,270342;48,099998;26,57;71,188896;14,395;17,949995;37,06451;85,849998;19,787302;573,77002;11,32;12,35;340,490479;54,86306;14,883333;78,386444;21,390478;26,063459
1/11/2012;47,480938;49,791164;17,962212;46,735001;27,389999;73,09024;15,075;16,870512;36,7365;94,080002;21,656967;663,190002;11,672857;14,81;349,534546;55,631615;17,35;82,758507;20,481852;22,01335
1/12/2012;50,943409;48,413734;16,40687;46,400002;27,75;71,25013;14,75;18,823471;36,821575;89,419998;20,910742;620,390015;13,227143;14,52;354,044037;54,22123;17,613333;78,851959;20,224413;22,039751
1/01/2013;56,797009;51,873814;14,042816;47,605;31,360001;70,638443;17,955;20,286388;38,045952;92,650002;22,948511;685,469971;23,605715;15,73;378,223236;58,170593;15,966666;87,517311;21,245411;23,299583
1/02/2013;55,042477;51,575226;13,608422;46,060001;31,440001;75,672264;17,07;21,125322;39,522419;101,790001;22,431896;689,109985;26,868572;17,530001;401,001007;60,502224;16,82;86,619408;21,949005;22,966101
1/03/2013;56,012905;52,596676;13,726799;46,195;33,509998;85,192886;17,135;21,002575;39,729481;102,440002;22,230989;688,159973;27,040001;17,700001;397,492493;63,620998;15,913333;90,983467;22,713772;25,98431
1/04/2013;48,257271;48,579567;13,73052;43,98;33,119999;86,605705;17,625;20,069674;40,395687;107,32;21,480663;695,98999;30,867144;17,610001;412,697693;66,323135;18,799999;92,972748;24,541435;28,267727
1/05/2013;49,980743;50,062199;13,94604;41,220001;35,75;83,547386;17,195;21,436247;41,097916;108,849998;22,181784;803,929993;32,32143;22,99;436,046051;64,955956;18,196667;94,001678;22,171438;23,617987
1/06/2013;46,859867;48,177372;12,377708;44,845001;37,040001;82,355415;15,4;18,811144;40,998878;112,620003;21,20595;826,669983;30,155714;22,99;440,625641;65,776299;20,276667;95,07225;21,878078;23,47489
1/07/2013;55,911983;51,196186;14,125751;48,994999;43,040001;90,393929;16,254999;20,142181;42,772438;125,300003;21,193651;875,669983;34,925713;26,120001;444,319305;67,654396;20,33;100,962135;23,342688;23,254431
1/08/2013;54,941559;52,560162;15,208604;46,91;43,549999;90,936523;15,885;18,169073;42,997505;122,709999;20,496624;938,530029;40,558571;26,639999;423,873871;64,568901;19,129999;96,190041;21,760527;23,178419
1/09/2013;54,817345;53,666439;14,980044;49,825001;48,099998;93,832916;15,895;20,762884;46,094475;126,699997;22,878811;1010,950012;44,172855;25,549999;438,393402;64,382614;17,416666;99,285065;21,518919;22,759401
1/10/2013;44,08057;55,396328;16,423851;53,93;57,060001;97,370941;16,115;20,581156;48,408207;123,809998;21,611866;1053,829956;46,068573;26,25;515,805786;68,585571;19,076666;101,724754;22,725384;21,914751
1/11/2013;46,052467;58,656811;17,472368;52,080002;54,639999;95,64386;17,215;19,31493;49,965698;124,959999;20,713934;1192,329956;52,257141;22,17;530,325317;68,887344;19,726667;108,129951;22,063938;20,663137
1/12/2013;49,103481;59,473557;17,730829;53,185001;57,139999;96,042717;18,325001;19,721731;54,422009;128,710007;22,497499;1162,400024;52,595715;22,940001;560,915894;67,647583;22,59;102,864471;22,000942;21,265734
1/01/2014;41,976688;59,449528;15,821273;57,130001;59,419998;100,142731;17,139999;18,235651;52,120556;130,979996;21,812773;1144,890015;58,475716;26,4;591,07605;65,99057;22,633333;97,108482;23,224052;22,515745
1/02/2014;46,619198;60,306595;16,631613;62,950001;52,330002;104,41111;18,215;19,6998;55,399212;150,850006;24,096552;1348,839966;63,66143;28,59;608,433411;65,752449;24,666666;100,945801;24,332644;23,610477
1/03/2014;44,592945;63,166134;17,065008;60,700001;51,790001;104,367821;18,195;20,580633;54,440277;148,389999;22,649202;1191,890015;50,290001;29,01;557,812805;68,569107;23,15;96,781715;24,38888;26,333155
1/04/2014;46,044701;63,340439;18,761208;63,220001;50,389999;94,560631;18,135;20,906254;53,819248;148,789993;21,251053;1157,75;46,005714;28,299999;534,880005;71,030754;22,32;100,248093;25,854298;27,486599
1/05/2014;48,109764;64,740639;20,125475;64,239998;54,610001;98,148415;17,785;20,452223;56,732594;147,949997;20,800035;1278,630005;59,689999;35,130001;571,650024;73,04863;23,126667;100,54274;24,953819;28,898993
1/06/2014;48,560051;63,734745;20,797703;66,785004;56,040001;100,712181;17,98;20,762676;58,029442;150,600006;20,525326;1203;62,942856;35,869999;584,669983;73,883896;23,676666;100,103058;26,146339;28,875591
1/07/2014;52,581482;59,636154;21,395247;62,240002;54,209999;108,386612;16,690001;18,610472;57,170959;150;21,66107;1242,449951;60,388573;33,599998;579,549988;73,403419;21,32;102,171852;25,23115;24,601246
1/08/2014;54,545624;61,56147;22,939465;61,985001;54,459999;118,588005;17,215;19,102737;60,403957;155,979996;22,755808;1244,310059;68,234283;37,84;582,359985;77,061066;29,469999;105,568069;26,255138;26,453459
1/09/2014;55,384071;60,820168;22,659969;58,915001;51,68;120,082253;15,66;18,942417;64,468025;150,360001;23,21912;1158,579956;64,454285;35,610001;588,409973;77,561005;30,556667;109,26487;24,903469;27,248848
1/10/2014;49,8643;63,862411;24,29059;70,834999;52,619999;138,651093;16,719999;18,579599;66,888206;175,880005;21,525761;1206,209961;56,110001;40,970001;567,869995;80,698761;33,626667;116,283577;27,683479;29,247145
1/11/2014;51,479084;59,299057;26,748892;74,675003;56,900002;141,327026;18,17;19,181576;66,806007;182,740005;22,501595;1160,189941;49,512856;43,93;549,080017;83,996529;37,383335;123,912575;28,072216;28,911428
1/12/2014;49,530468;60,815708;24,933533;74,135002;55,91;136,700745;18,245001;20,183098;73,383995;192,619995;23,010012;1140,209961;48,80143;47,02;530,659973;79,347778;36,116665;123,910957;29,709909;29,88554
1/01/2015;46,005886;51,103836;26,465057;79,209999;53,049999;130,667679;18,299999;18,842087;73,627228;187,360001;21,73077;1009,47998;63,114285;54,860001;537,549988;79,210052;38,983334;124,994919;31,304991;29,047331
1/02/2015;49,437305;59,326591;29,017591;78,415001;57,349998;135,353378;18,709999;17,742044;78,099106;208,130005;23,743942;1237,47998;67,844284;57,18;562,630005;83,602173;47,040001;128,465286;29,428196;27,338657
1/03/2015;49,584812;56,732948;28,218189;77,239998;53,790001;137,907608;18,785;17,69507;76,368362;216,240005;23,649635;1164,150024;59,527142;58,82;554,700012;80,764198;46,133335;137,149963;29,036156;27,330883
1/04/2015;52,138969;55,960712;28,381468;62,685001;58,84;136,233887;17,785;18,198942;74,796638;217,830002;23,887445;1237,810059;79,5;58,09;548,77002;80,880257;45,703335;129,500351;28,550636;27,664288
1/05/2015;50,469841;57,343281;29,544855;67,800003;60,669998;134,810364;17,299999;17,843723;80,540886;219,529999;25,158491;1172,040039;89,151428;62,759998;545,320007;81,994141;42,426666;129,437073;28,668503;27,509781
1/06/2015;54,467995;51,54147;28,563786;64,139999;62,709999;133,09938;17,74;18,131733;79,137558;225,979996;24,699272;1151,369995;93,848572;66,5;540,039978;79,366737;44,673332;122,601662;27,094055;25,787596
1/07/2015;58,699043;53,357418;27,623274;72,730003;62,700001;153,100693;18,014999;17,994179;79,988922;240,309998;27,394348;1243,569946;114,309998;71,550003;657,5;82,530167;51,183334;131,897095;29,480785;26,337492
1/08/2015;52,876492;46,885597;25,678486;71,470001;56,599998;131,590866;17,51;16,68265;79,51178;240,070007;26,410414;1248,640015;115,029999;67,160004;647,820007;80,174606;140,009995;127,131378;28,681484;26,033819
1/09/2015;53,784809;44,89904;25,231974;74,25;56,759998;120,47908;16,450001;15,847218;80,222794;250;23,809315;1236,859985;103,260002;67,75;638,369995;80,7742;45,046665;131,59523;30,110025;24,613705
1/10/2015;63,434715;49,653843;27,336546;68,620003;65,459999;137,777451;18,105;16,951025;87,089684;276,26001;27,180027;1425,650024;108,379997;72,07;737,390015;88,21151;45,439999;143,929138;30,592323;23,138535
1/11/2015;64,218819;40,770977;27,062035;70,82;66,739998;140,320877;19,735001;17,694309;85,686363;263,869995;28,826416;1469,560059;123,330002;67,790001;762,849976;86,45919;51,536667;146,932983;30,618084;22,633001
1/12/2015;58,730095;42,186157;24,182106;72,919998;65,849998;142,107895;19,004999;17,798962;86,159515;253,419998;26,770863;1274,949951;114,379997;68,720001;778,01001;86,252029;49,653332;147,385773;30,832733;23,264557
1/01/2016;54,700897;38,262051;22,362589;70,139999;66,139999;133,703812;16,754999;17,685591;81,305054;260,899994;22,854601;1064,969971;91,839996;64,550003;761,349976;86,317276;45,009998;137,912903;33,115391;24,77252
1/02/2016;54,848392;42,861271;22,213264;73,160004;66,029999;124,555595;18,875;19,905098;79,478714;260,320007;23,185831;1265,209961;93,410004;64,239998;717,219971;85,030785;41,833332;136,918198;34,259094;26,381012
1/03/2016;61,004772;43,561703;25,174894;78,32;72,690002;132,165298;20,385;21,535658;84,986122;273,660004;23,244282;1288,959961;102,230003;66,110001;762,900024;89,08152;44,459999;144,198242;36,234577;30,336462
1/04/2016;63,535648;43,033566;21,652395;84,349998;72,190002;139,543549;21,42;20,56436;84,957726;262,679993;23,799572;1343,660034;90,029999;61,849998;707,880005;90,138252;48,073334;135,550735;34,975548;29,685062
1/05/2016;65,92675;46,781544;23,066017;87,57;78,830002;139,235046;24,754999;20,36437;89,708099;264,429993;23,828798;1264,329956;102,57;76,75;748,849976;88,571167;50;136,539001;36,146347;28,991369
1/06/2016;62,177044;46,069656;22,216469;92,860001;80,550003;135,005234;24,504999;19,638809;92,859238;271,100006;22,805891;1248,410034;91,480003;75,760002;703,530029;92,747147;53,57;144,129074;39,125782;31,03986
1/07/2016;69,19516;53,818172;24,217342;93,790001;89,150002;152,645081;25,219999;18,913248;101,508308;290,630005;30,355902;1350,810059;91,25;76,32;791,340027;96,071091;53,543335;153,472168;38,735149;31,825249
1/08/2016;67,696815;54,239559;24,656557;112,68;92,900002;150,897079;25,51;19,210264;111,198296;279,950012;31,330095;1416,72998;97,449997;81,230003;789,849976;94,157089;51,296665;148,763916;36,427589;29,025171
1/09/2016;66,159653;59,40934;26,413992;112,730003;93,75;148,873703;26,780001;18,617594;106,552017;280,109985;32,051003;1471,48999;98,550003;85,400002;804,059998;96,617378;48,936668;140,347748;36,233833;28,675713
1/10/2016;65,833611;59,60014;26,528477;107,139999;85,919998;125,981743;26,235001;17,369892;100,940536;264,440002;27,774286;1474,22998;124,870003;78,519997;809,900024;95,222809;48,113335;136,077789;36,897816;29,347588
1/11/2016;67,33194;59,088425;25,822859;117,650002;93,050003;128,578857;27,360001;21,286469;108,444595;274,5;27,092348;1503,680054;117;79,239998;775,880005;88,916069;44,75;138,13916;34,642216;28,003824
1/12/2016;69,3349;56,989571;27,200134;117,269997;96,129997;131,370193;27,705;21,097851;110,764664;278,410004;28,92384;1466,060059;123,800003;78,760002;809,450012;93,627495;44,34;147,795181;36,14299;31,207741
1/01/2017;70,794411;46,70174;28,498844;122,330002;91,690002;140,777512;28,370001;22,310377;111,29184;262,269989;31,008612;1575,130005;140,710007;83,43;820,190002;92,866859;42,599998;151,339813;37,00108;31,550682
1/02/2017;76,970505;49,367649;32,171871;144,940002;102,760002;158,612793;29,57;22,611782;113,112999;271,709991;33,025196;1724,130005;142,130005;86,5;844,929993;98,772827;41,439999;163,552277;39,141273;32,280533
1/03/2017;81,299194;50,587925;33,884594;154,610001;114,709999;148,434204;30,965;23,276169;121,289032;269,839996;32,703709;1779,969971;147,809998;89,519997;847,799988;100,097206;46,169998;155,209091;39,803921;31,937748
1/04/2017;78,910629;47,411846;33,882225;167,729996;134,619995;147,755676;30,9;20,193771;117,387924;248,149994;32,547844;1846,819946;152,199997;94,82;924,52002;102,064148;45,380001;164,307495;40,677853;30,73942
1/05/2017;80,090279;50,526173;36,030972;168,389999;143,330002;140,445679;31,190001;19,648764;120,65641;242,080002;33,414871;1877,089966;163,070007;113,330002;987,090027;105,298714;50,560001;167,000885;43,260292;32,230671
1/06/2017;77,584732;49,197338;34,109711;161,419998;150,119995;156,943039;31,790001;19,812618;120,809776;218,740005;34,018871;1870,52002;149,410004;105,720001;929,679993;104,77002;49,68;154,456497;41,427296;32,33176
1/07/2017;77,409241;47,388744;35,225227;166,460007;151,940002;159,020645;31,49;19,553186;129,254196;204,300003;34,807976;2028,5;181,660004;116,739998;945,5;105,786064;52,75;153,085083;43,046986;34,366501
1/08/2017;76,249069;46,569088;38,841778;155,429993;176,740005;161,991333;32,689999;19,568844;129,407562;196,130005;35,197647;1852,079956;174,710007;121,5;944,27002;104,987747;55,82;151,375702;45,039642;33,94521
1/09/2017;75,059654;46,697567;36,645142;155,490005;179,330002;171,046707;34,369999;20,903399;138,292892;215,369995;37,467522;1830,819946;181,350006;118,059998;973,719971;101,794266;55,25;159,174576;43,05608;34,061966
1/10/2017;80,538742;45,949902;40,192673;166,169998;238,979996;160,744461;36,290001;21,540871;142,855347;210,949997;36,668678;1911,959961;196,429993;119,599998;1033,040039;100,698036;57,93;156,064545;45,390228;36,358688
1/11/2017;85,432877;59,759186;40,860806;156,410004;260,880005;161,148117;43,16;24,184729;150,906784;236,210007;33,775322;1739,709961;187,580002;106,349998;1036,170044;106,44413;62,669998;178,687515;47,305943;37,715027
1/12/2017;85,79361;58,155815;40,382496;156,380005;222,190002;160,624054;43,189999;25,246473;150,998627;240,539993;36,766102;1737,73999;191,960007;105,059998;1053,400024;110,310112;63,290001;180,859985;44,097824;35,915199
1/01/2018;90,434273;61,998348;39,952976;187,039993;262;171,846512;44,07;25,371111;163,227356;264,690002;39,53281;1912,050049;270,299988;126,959999;1182,219971;110,659676;68,230003;189,362701;42,151066;35,095001
1/02/2018;89,693321;59,046043;42,503876;187,229996;262,519989;169,74054;46,810001;25,426926;165,368851;244,190002;41,753979;1905,01001;291,380005;123,699997;1103,920044;100,936722;63,369999;185,504868;39,971478;33,755363
1/03/2018;90,473259;50,766514;40,199734;191,389999;251,130005;158,655441;50,93;25,366516;165,291336;247,380005;39,201595;2080,389893;295,350006;121,239998;1037,140015;100,403191;57,209999;183,594681;42,003296;35,885181
1/04/2018;100,329773;46,735237;39,595936;194,490005;249,850006;162,378052;51,080002;23,229019;165,020004;256,070007;36,902496;2178;312,459991;117,980003;1018,580017;93,537315;55;192,100647;43,640476;36,501518
1/05/2018;102,971832;53,249401;44,773647;208,210007;331,950012;167,161514;54,830002;24,917595;176,599503;269,410004;36,746616;2108,919922;351,600006;130,910004;1100;92,897903;51,16;193,152924;42,410641;38,074535
1/06/2018;102,211372;51,954224;44,52298;217,940002;342,140015;173,112701;56,560001;22,530224;179,332062;273,570007;35,324291;2027,089966;391,429993;141,020004;1129,189941;101,813591;57,299999;204,21109;42,559708;39,523136
1/07/2018;107,212776;59,332611;45,768883;244,929993;356,649994;184,329041;57,389999;26,649611;198,140274;306;32,586811;2028,719971;337,450012;128,75;1227,219971;107,546288;60,02;213,71904;44,053001;39,430355
1/08/2018;111,161217;63,609669;54,749969;254,039993;386,48999;187,386368;64,309998;27,509056;206,754654;335,420013;33,716873;1951,550049;367,679993;113,410004;1231,800049;104,750084;60,889999;227,809982;45,171715;40,552963
1/09/2018;108,37294;66,683235;54,485802;249,660004;391,220001;195,724411;51,529999;27,348789;191,677078;347,320007;32,1679;1984;374,130005;120,489998;1207,079956;104,553688;58,279999;230,089813;44,38203;40,831833
1/10/2018;99,900818;58,751831;52,825207;212,119995;221,199997;182,033432;48,91;24,233046;176,231277;320,75;28,280869;1874,579956;301,779999;90,980003;1090,579956;105,965393;52,849998;223,967285;46,437366;40,972115
1/11/2018;106,237823;54,426483;43,10302;203,759995;229,889999;196,630875;51,18;28,151768;181,57045;346,779999;29,079708;1891,880005;286,130005;84,07;1109,650024;114,979721;59,68;226,563232;49,6968;43,384991
1/12/2018;99,89106;53,165314;38,205803;186,020004;209,429993;185,092041;47,779999;24,840635;164,642242;344,329987;27,34564;1722,420044;267,660004;78,910004;1044,959961;104,173851;49,220001;200,029846;46,683727;42,497917
1/01/2019;100,291481;46,763805;40,313007;212,779999;248,949997;177,903961;50,630001;28,721834;183,773224;344,660004;32,781647;1832,810059;339,5;92,239998;1125,890015;107,08242;57,240002;210,752563;49,994858;45,004436
1/02/2019;103,186562;50,418407;41,938221;211,029999;258,970001;180,727829;58,669998;30,115913;202,482803;371,959991;36,191326;1697,040039;358,100006;95,779999;1126,550049;109,905128;63,830002;214,78833;52,381935;45,786552
1/03/2019;97,474632;53,855812;46,20462;223,600006;284,329987;182,029449;60,59;30,771439;198,082275;388,299988;36,316879;1744,910034;356,559998;101,629997;1176,890015;117,416908;54,580002;238,407791;53,670944;47,595703
1/04/2019;99,080757;82,281921;48,812218;232;324,679993;171,815582;67,32;33,757191;212,812759;378,570007;37,891197;1854,98999;370,540009;94,650002;1198,959961;122,686546;59,599998;241,74556;54,336308;48,374249
1/05/2019;92,368065;63,834644;42,585117;249,770004;284,350006;159,723709;71,480003;29,454454;217,409302;371,369995;35,133694;1656,219971;343,279999;93,080002;1106,5;122,638641;61,860001;235,887238;55,144138;45,649349
1/06/2019;96,31324;72,671379;48,328697;275,329987;273,700012;178,088135;74,739998;31,380207;232,561188;369,320007;38,774948;1874,709961;367,320007;101,260002;1082,800049;125,637543;63,830002;260,889526;57,211807;45,850498
1/07/2019;92,828079;70,530243;52,020744;282,049988;209,080002;180,310852;77,529999;29,656656;255,249878;380,76001;40,433929;1886,609985;322,98999;92,5;1218,199951;123,353172;64,470001;272,114471;57,719963;43,096027
1/08/2019;91,58696;74,974525;50,970757;289,73999;183,110001;201,610306;75,389999;29,689453;258,542877;383,76001;39,550446;1966,410034;293,75;93,68;1190,530029;131,962128;58,669998;291,000488;62,183796;45,200134
1/09/2019;95,073921;73,538086;54,897453;271,929993;180,919998;188,332886;80,330002;31,677149;262,757233;398,51001;38,397125;1962,609985;267,619995;97,82;1221,140015;132,319229;58,060001;285,064484;62,832558;46,575794
1/10/2019;107,633377;78,164253;60,973743;285,01001;252,289993;207,544739;82,639999;34,847775;263,315857;435,51001;34,7229;2048,77002;287,410004;96,400002;1258,800049;133,301636;56,130001;293,96936;61,892612;43,857021
1/11/2019;111,538864;81,186272;65,505836;251,580002;277,339996;228,440369;89;34,642914;251,93721;442,279999;34,988865;1904,030029;314,660004;101,010002;1304,089966;131,999435;59,82;297,285309;59,924061;42,806149
1/12/2019;109,650391;85,733864;72,192863;261,130005;279,040009;236,179428;90,940002;36,037605;266,280487;438,26001;35,709496;2053,72998;323,570007;107,510002;1339,390015;132,81575;63,549999;291,444916;61,873123;44,314919
1/01/2020;120,233665;83,539238;76,091995;271,01001;257,100006;211,667007;101,459999;34,018719;276,067596;406,100006;33,187778;1830,550049;345,089996;107,919998;1432,780029;138,981583;66,599998;302,947205;67,86409;46,258987
1/02/2020;102,548744;76,674751;67,204628;254,509995;218,350006;195,678085;84,480003;33,609066;263,964844;368,720001;34,255798;1695,660034;369,029999;101,370003;1339,25;129,205307;62,41;278,772552;61,125744;41,904282
1/03/2020;140,398239;66,245811;62,664707;242,240005;173,949997;200,027115;68,519997;30,692085;171,417816;301,049988;29,862955;1345,319946;375,5;100,169998;1161,949951;117,53054;56,259998;283,325012;59,144455;36,054581
1/04/2020;144,288635;77,649887;72,401154;277,600006;214,850006;236,030624;80,110001;35,573357;219,522079;386,339996;39,568913;1480,569946;419,850006;114,260002;1346,699951;130,333878;61,810001;301,081909;62,745766;36,319042
1/05/2020;147,383179;79,83123;78,349983;308,880005;245,619995;226,637543;89,389999;40,806515;245,380234;417,23999;45,241486;1639,420044;419,730011;122,879997;1433,52002;129,604843;71,910004;307,21756;64,19693;37,523796
1/06/2020;147,174225;90,027275;90,879066;330,160004;274,440002;234,290604;83,269997;42,369152;263,588776;421,670013;52,295368;1592,339966;455,040009;132,050003;1418,050049;130,304321;69,32;301,978882;61,699341;35,930946
1/07/2020;142,406952;105,047371;105,886086;397,75;293,820007;243,041992;93,25;46,522987;298,72934;477,380005;55,11702;1662,130005;488,880005;141,619995;1487,949951;136,6772;78,480003;324,208282;68,608879;38,227989
1/08/2020;144,840912;118,465508;128,585907;391,059998;296,980011;251,634445;103,32;48,588554;329,772949;465,630005;54,618496;1910,449951;529,559998;139,470001;1629,530029;139,060059;83,860001;346,993195;69,036194;36,544811
1/09/2020;137,369446;117,05307;115,610542;393,109985;327,359985;254,160004;105,160004;44,8395;329,367218;461,079987;52,099998;1710,680054;500,029999;130,410004;1465,599976;137,610489;80,199997;354,319092;68,579063;35,759998
1/10/2020;113,269997;123,360001;108,672516;424,820007;426,079987;216,940002;110,360001;42,989834;311,277405;436,600006;47,630001;1622,5;475,73999;119,830002;1616,109985;133,289993;76,57;356,934082;70,029999;39,889999
